Date Activated,DID,DONOR,Upcoming Scheduled Collection,CMV,EBV status,Allele,DOB (MM/DD/YY),Age,Sex (M/F),Race,Virals Date (MM/DD/YY),90 day virals,Apheresis,Donation Type,Return Eligibility,Last LKP Ct,W9 Consent Recd,NOTES,BMI,Height (inches),Weight,Blood Type (ABO + RH),Mobilized,Mobilized + Regular LKP First,No Mobilized,Source,COVID Positive Status - Date (MM/DD/YY),COVID-19 Vaccine Type - #1,COVID-19 Vaccine Date - #1 (MM/DD/YY),COVID-19 Vaccine Type - #2,COVID-19 Vaccine Date - #2 (MM/DD/YY),COVID-19 Vaccine Booster Type - #1,COVID-19 Vaccine Booster Date - #1 (MM/DD/YY),COVID-19 Vaccine Booster Type - #2,COVID-19 Vaccine Booster Date - #2 (MM/DD/YY),COVID-19 Vaccine Booster Type - #3,COVID-19 Vaccine Booster Date - #3 (MM/DD/YY),COVID-19 Vaccine Booster Type- #4,COVID-19 Booster Date - #4,Addt'l Testing - EBV (MM/DD/YY),Addt'l Testing - WNV (MM/DD/YY),Addt'l Testing - Syphilis (MM/DD/YY),Addt'l Testing - TDAP (MM/DD/YY)
12/16/24,5967846,Tyler Iberger,,POS,,A1101 & A0205,04/07/87,39,M,,04/07/26,07/06/26,05/15/25,Whole Pack,06/19/25,15,,"had a baby 8/27 Lives in Norton, MA. Available afternoons",28.88483796,72,213,A+,,,,,04/19/21,Moderna,03/17/21,Moderna,,,,,,,,,,,,,
09/02/25,7074829,Akshara Erasani,,,,,02/28/98,28,F,,08/28/25,11/26/25,09/04/25,Whole Pack,10/09/25,10,,only use if we really need someone,30.65861111,60,157,O+,,,,,,,,,,,,,,,,,,,,,
07/03/23,4260122,Gregory Peters,,POS,,,01/16/95,31,M,,08/21/25,11/19/25,09/08/25,Whole Pack,10/13/25,13,,just got new job will reach out when he is available again he would be interested in mobilized donation,36.17576298,67,231,O+,,,TRUE,,,Pfizer,04/07/21,Pfizer,04/28/21,Moderna,12/07/21,Moderna,09/06/22,,,,,06/28/23,07/19/23,07/19/23,
05/20/25,6678994,Antonio Montenegro,,,,A0201,11/11/97,28,M,,09/03/25,12/02/25,09/08/25,Whole Pack,10/13/25,14,,failed last lp 11/10 smokes just got laid off,31.47761194,67,201,O+,,,,,,,,,,,,,,,,,,,,,
10/14/24,5696767,Vinicius Souza Diniz,OOR CBC,POS,,A0201,08/16/01,25,M,,09/11/25,12/10/25,09/16/25,Whole Pack,10/21/25,18,,defer WBC high 12/7 Lives in Taunton,26.7794609,67,171,A+,,TRUE,,,,,,,,,,,,,,,,,,,
10/09/24,5690470,Hannah Johanson,,,,A1101,06/12/00,26,F,,09/10/25,12/09/25,09/17/25,Whole Pack,10/22/25,15,,"no Weds; incomplete product x1, last minute cancel a few times",25.98781769,69,176,A+,,TRUE,,,,,,,,,,,,,,,,,,,
09/30/25,7260221,Ramon Brito,,POS,,A0201,05/19/86,40,M,,09/30/25,12/29/25,10/01/25,Whole Pack,11/05/25,20,,"sick 11/28 lives in Taunton, MA, Soon to be in Sales",24.62932526,68,162,O+,,,,,,,,,,,,,,,,,,09/29/25,,,
04/22/25,6358071,Brenton Dimock,9/29 LP,NEG,POS,A1101,06/29/87,39,M,Caucasian,09/17/26,12/16/26,10/01/25,Whole Pack,11/05/25,12,,NS works for N Attleboro Electric afternoons best,29.69816327,70,207,O+,,,,,12/01/2021 & 10/01/2022,Pfizer,04/01/21,Pfizer,04/01/21,,,,,,,,,,,,
07/10/25,6903245,Melissa Black,,POS,,A0201,11/03/70,55,F,,07/08/25,10/06/25,10/02/25,Whole Pack,11/06/25,11,,"Lives in Westford, MA",23.18231464,69,157,A+,,,,,,,,,,,,,,,,,,,,,
08/12/22,3315890,Laura Latini,,POS,,A0201 & A1101,10/12/71,54,F,,09/24/26,12/23/26,10/13/25,Whole Pack,11/17/25,10,,Teacher,25.17630854,66,156,O+,,,TRUE,FOB,01/18/2021          12/28/2021,Moderna,03/13/21,Moderna,04/03/21,Moderna,12/13/21,Moderna,08/22/22,,,,,,,,
06/20/22,3167380,Noelle Pierce,,POS,,A0201,01/23/81,45,F,,10/07/25,01/05/26,10/15/25,Whole Pack,11/19/25,13,,,32.87342112,61,174,B+,,,TRUE,CL,12/30/2021 and 7/1/22,,,,,,,,,,,,,,,,
10/08/25,7282960,Devin Gallagher,,,,A0201,09/24/03,23,M,,10/08/25,01/06/26,10/16/25,Whole Pack,11/20/25,17,,installs bulkhead doors,#DIVIDE BY ZERO,,,O+,,,,,,,,,,,,,,,,,,,,,
12/07/23,4634659,Joshua Kannair,,,,,03/06/87,39,M,,09/15/25,12/14/25,10/22/25,Whole Pack,11/26/25,24,,"save for Moderna appt No Vax, no + Covid tests",40.16345963,71,288,O+,,,TRUE,,,,,,,,,,,,,,,,,,
12/21/22,3744784,Fatimatou Ndiaye,,POS,,,08/22/01,25,F,,09/25/25,12/24/25,11/03/25,Whole Pack,12/08/25,14,,"Deferred BMI, No Whole Blood, wants a Monday",42.24583767,62,231,O+,,,,SK,,Johnson & Johnson,04/04/21,,,Moderna,01/19/22,,,,,,,12/20/22,,,
10/13/25,7299527,Justin Robertson,,NEG,NEG,,03/20/96,30,M,,10/13/25,01/11/26,11/05/25,Whole Pack,12/10/25,14,,works for roofing Hanson,22.20945946,74,173,A+,,,,,,,,,,,,,,,,,,,,,
04/02/25,6319703,Erin Mercer,,,,,02/26/82,44,F,,09/03/25,12/02/25,11/19/25,Whole Pack,12/24/25,15,,full waitress in Providence,27.11294766,66,168,A-,,,,,,,,,,,,,,,,,,,,,
04/22/25,6502843,Grace MacPherson,,,NEG,A0201,05/04/03,23,F,,09/04/25,12/03/25,11/20/25,Whole Pack,12/25/25,19,,"Lives in Dorcester, MA works per diem at MGH clinical secretary",33.04366229,67,211,A-,,,,,,,,,,,,,,,,,,04/21/25,,,
03/17/25,6267916,Michael Gutierrez,,,,,01/23/90,36,M,,05/07/26,08/05/26,11/20/25,Whole Pack,12/25/25,15,,"Lives in Central Falls, RI, available all days",32.35389804,71,232,A+,,,,,02/00/2022,Moderna,02/06/21,Moderna,03/06/21,Moderna,12/07/21,,,,,,,,,,
03/17/25,6277395,Yoheide Encarnacion,,,,,12/30/96,29,F,,11/17/25,02/15/26,12/01/25,Whole Pack,01/05/26,13,need both,"Goes by JoJo, Lives in Mansfield, MA, available Mondays only",27.80419922,64,162,,,,,,,Moderna,08/01/21,,,,,,,,,,,03/13/25,,,
08/05/24,5243957,Ashley Amaral,,NEG,,,06/14/83,43,F,,03/20/26,06/18/26,12/01/25,Whole Pack,01/05/26,15,,deferred 4/6 no product PLT too low Mon Tues Wed 11:15,26.87376602,69,182,B-,,,TRUE,,,Pfizer,12/21/20,Pfizer,01/11/21,Pfizer,08/25/21,Pfizer,09/20/22,Pfizer,11/30/23,Moderna,11/14/24,,,,
01/09/25,6035354,Alexandra Bailey,,NEG,,A0201,11/15/95,30,F,,09/08/25,12/07/25,12/02/25,Whole Pack,01/06/26,12,,2/26 deferred due to weight 136,22.75550964,66,141.0,O+,,,,,12/25/21,Pfizer,03/25/21,Pfizer,04/19/21,Pfizer,12/01/21,Moderna,10/06/22,,,,,01/07/25,,,
11/05/25,7372125,Daniel Harden,,POS,,A1101,06/06/83,43,M,,11/03/25,02/01/26,12/02/25,Whole Pack,01/06/26,17,,"Lives in Brockton, MA",35.17567568,74,274,A-,,,,,,,,,,,,,,,,,,,,,
07/24/24,5083882,Julie Nguyen,,POS,POS,A1101,12/18/01,24,F,,09/29/25,12/28/25,12/08/25,Whole Pack,01/12/26,20,need & W9,only can do 11:15 donations,27.79812695,62,152,A+,,,TRUE,,09/00/2020,Pfizer,04/27/21,Pfizer,05/19/21,,,,,,,,,,,,
11/17/25,7410059,Jon Richardson III,,POS,,,12/21/99,26,M,,11/13/25,02/11/26,12/09/25,Whole Pack,01/13/26,15,need both,,25.21341056,67,161,B-,,,,,,,,,,,,,,,,,,,,,
11/10/25,7372663,Brendan Mackenzie,10/12 LP,NEG,POS,A0201,02/16/96,30,M,Caucasian,09/17/26,12/16/26,12/15/25,Whole Pack,01/19/26,17,04/16/26,5/18 cancelled for family issue NS,25.62044444,75,205,O+,,,,,,,,,,,,,,,,,,,,,
08/28/25,7062222,James Alache,,,,,11/16/86,39,M,,11/12/25,02/10/26,01/07/26,Whole Pack,02/11/26,22,need both,,33.63117284,72,248,B+,,,,,,,,,,,,,,,,,,,,,
11/17/25,7419789,Raymond Gutierrez,,NEG,,,04/20/02,24,M,,03/17/26,06/15/26,,,02/16/26,,,4/16 cancelled LP gf had baby NS,27.21388408,68,179,A+,,,,,,,,,,,,,,,,,,,,,
12/04/23,4622011,Heather McDonald,,NEG,,A0201,12/03/72,53,F,,10/21/25,01/19/26,01/14/26,Whole Pack,02/18/26,18,01/14/26,,29.61751479,65,178,A+,,,TRUE,,"07/04/2022, 09/00/2023",,,,,,,,,,,,,,,,
10/10/24,5654879,Julia Peterson,,NEG,,A0201,03/29/91,35,F,,12/11/25,03/11/26,01/21/26,Whole Pack,02/25/26,15,01/21/26,"Lives in North Atteboro, MA. Weds & Thurs",28.28639053,65,170,A-,,TRUE,,,"05/00/202, 01/00/2023, 08/00/2024",,,,,,,,,,,,,,,,
12/22/25,7547712,Kelley Selfridge,,NEG,,,06/09/76,50,F,,12/15/25,03/15/26,01/22/26,Whole Pack,02/26/26,14,01/22/26,avail Mon Thurs,29.98510204,70,209,A+,,,TRUE,,,,,,,,,,,,,,,,,,
11/04/25,7360253,Fania Valerie Alverez,,POS,,,03/01/87,39,F,,10/31/25,01/29/26,01/27/26,Whole Pack,03/03/26,24,01/27/26,"Lives in Lowell, MA, works at Childrens Hopital",35.57569204,68,234,A-,,,,,,,,,,,,,,,,,,,,,
12/11/23,4627835,James Wood,,POS,POS,,11/29/93,32,M,,11/19/25,02/17/26,02/03/26,Whole Pack,03/10/26,10,02/03/26,deferred medication 3/23/26 just started at Salve Regina NP program Just Mon/Wed  access veins tough,25.99643573,67,166,O+,,,TRUE,,"01/00/2023, 12/00/2023, 11/26/2024",Moderna,01/03/21,Moderna,01/31/21,Pfizer,10/24/21,Moderna,12/04/22,Moderna,10/02/23,,,12/06/23,,,
08/28/25,7063258,Christopher Molinari,10/19 rescreen,,NEG,A0201,01/05/99,27,M,,05/13/26,08/11/26,02/09/26,Whole Pack,03/16/26,10,05/13/26,NS Mon or Wed with notice 4 hr donations,28.07118056,72,207,O+,,,,,,,,,,,,,,,,,,,,,
09/10/24,5325330,Joseph DeGrazia,,NEG,NEG,,04/06/94,32,M,,11/17/25,02/15/26,02/11/26,Whole Pack,03/18/26,25,02/11/26,"DEFERRED BMI 42.6, CAN BOOK HIM TO FILL 2 FULL PACKS WHEN HE DONATES Lives in New Bedford, MA",42.56920415,68,280,O-,,TRUE,,,11/24/21,,,,,,,,,,,,,,,,
12/04/23,4613913,Shauna Delmage,,NEG,,,02/15/90,36,F,,06/15/26,09/13/26,02/17/26,Whole Pack,03/24/26,10,02/04/26,"deferred 7/7 don't book again until Sept 2026, NO WB hgb low, any day available 6:30 1/2 or full",33.10171696,62,181,O-,,,TRUE,,09/01/23,Pfizer,04/27/21,Pfizer,05/18/21,Pfizer,12/18/21,,,,,,,,,,
08/31/23,4394010,Maura Shea,,NEG,,A0201,04/17/79,47,F,,01/21/26,04/21/26,02/18/26,Whole Pack,03/25/26,17,01/21/26,full packs only,35.52758789,64,207,,,,TRUE,,02/14/23,Moderna,04/01/21,Moderna,04/30/21,,,,,,,,,,,,
03/24/25,6286803,Luis Ramos,,,,,03/11/94,32,M,,02/04/26,05/05/26,02/18/26,Whole Pack,03/25/26,19,,NS Lives in Boston manages 4 Papa Ginos,25.37001559,67,162,B+,,,,,,,,,,,,,,,,,,,,,
10/09/23,4495912,Nicole Bianca,,NEG,,,05/08/87,39,F,,02/05/26,05/06/26,02/18/26,Whole Pack,03/25/26,12,,Tues/Thursday,31.4708045,68,207,B+,,,TRUE,,11/01/20,Moderna,12/23/20,Moderna,01/20/21,Pfizer,12/27/21,,,,,,,,,,
03/14/24,4924670,Nicholas Stevens,,POS,,,08/04/86,40,M,,02/18/26,05/19/26,02/25/26,Whole Pack,04/01/26,13,,available for mobilized donations,31.85020408,70,222,O-,,,TRUE,,04/00/2021,,,,,,,,,,,,,,,,
02/17/26,7750528,Christian Lim,,NEG,,,09/26/79,47,M,,02/10/26,05/11/26,02/25/26,Whole Pack,04/01/26,12,,,25.05810547,64,146,O+,,,,,,,,,,,,,,,,,,,,,
12/24/24,5969472,Christopher Hall,,NEG,,,08/07/88,38,M,,02/17/26,05/18/26,02/26/26,Whole Pack,04/02/26,18,,"Lives in Mansfield, MA, available on Tues/Thurs afternoons",31.95454545,66,198,AB+,,,,,,Moderna,,Moderna,,,,,,,,,,,,,
10/23/25,7271040,Connor Lashley,10/5 LP,NEG,POS,,08/30/04,22,M,African American,09/10/26,12/09/26,02/26/26,Whole Pack,04/02/26,15.8,,NS,23.12088889,75,185,A+,,,,,,,,,,,,,,,,,,,,,
03/17/25,6271680,Randall Marquez,,,,,04/01/76,50,M,,02/18/26,05/19/26,03/02/26,Whole Pack,04/06/26,20,,NS Mon/Wed available 6:30 appts,27.89129141,71,200,O+,,,,,,,,,,,,,,,,,,,,,
01/06/22,2709684,S. Elwyn Buchholz,,NEG,,,09/15/87,39,M,,02/28/26,05/29/26,03/05/26,Whole Pack,04/09/26,29,,,33.71530612,70,235,O-,,,TRUE,PFM Employee,05/30/22,Moderna,01/27/21,Moderna,02/24/21,Moderna,12/09/21,Moderna,09/10/22,,,,,,,,
12/13/23,4642917,Catherine Brennan,,NEG,,A0205,07/06/00,26,F,,01/20/26,04/20/26,03/09/26,Whole Pack,04/13/26,15,,only Mon/Tues/Thurs mornings avail,27.11294766,66,168,O+,,,TRUE,,12/01/21,Pfizer,05/03/21,Pfizer,05/25/21,,,,,,,,,12/12/23,,,06/01/22
10/23/25,7289411,Gerard Laurent,,NEG,,,10/21/97,28,M,,03/03/26,06/01/26,03/11/26,Whole Pack,04/15/26,14,,4th yr med student Brown University,29.98313827,71,215,O+,,,,,,,,,,,,,,,,,,,,,
02/08/24,4732447,Catarina Medeiros,10/8 rescreen,NEG,,A0201,12/04/78,47,F,,02/04/26,05/05/26,03/11/26,Whole Pack,04/15/26,12,,,27.28930664,64,159,O-,,,TRUE,,01/24/22,Moderna,01/25/21,Moderna,02/22/21,,,,,,,,,,,,
05/06/24,5015432,Kelsey Picchi,,POS,NEG,,08/21/91,35,F,Caucasian,09/15/26,12/14/26,09/28/26,Whole Pack,11/02/26,13,03/03/26,NS anytime,29.86376953,64,174,O+,,,TRUE,,"10/01/2022, 09/01/2024",Moderna,04/01/21,Moderna,04/29/21,Moderna,01/14/22,,,,,,,,,,
01/12/26,7617327,Lindsey Flaherty,,NEG,,,01/29/07,19,F,,01/07/26,04/07/26,03/16/26,Whole Pack,04/20/26,12,,deferred low weight college student,21.94857668,66,136,O+,,,,,,,,,,,,,,,,,,,,,
03/24/25,6279791,Humberto Lopes,,POS,,A0201,12/14/98,27,M,,03/12/26,06/10/26,03/16/26,Whole Pack,04/20/26,21,,,24.49564444,75,196,O+,,,,,,,,,,,,,,,,,,,,,
09/07/23,4415975,Tori Luz,,NEG,,,10/05/04,21,F,,03/11/26,06/09/26,03/18/26,Whole Pack,04/22/26,16,,tricky veins not a last minute replacement Tues early & Wednesdays,32.78149414,64,191,O-,,,,,12/00/2021,Pfizer,05/25/21,Pfizer,06/15/21,Pfizer,12/29/21,,,,,,,,,,
03/10/25,6262640,Dorian Unger,,NEG,,A0201,09/13/91,35,M,,01/05/26,04/05/26,03/19/26,Whole Pack,04/23/26,12,01/13/26,"failed 3/19 donation Lives in Worcester, works as a waiter at Buffalo Wild Wings, Shrewsbury, MA interested in large donation",32.73045222,67,209,A+,,,,,,,,,,,,,,,,,,,,,
06/21/22,3156033,Jeremy Watkins,9/28 rescreen,NEG,,,05/14/85,41,M,,03/05/26,06/03/26,03/19/26,Whole Pack,04/23/26,23,,AM please,26.87376602,69,182,A-,,,TRUE,CL,11/15/2020 and 5/19/2022,Pfizer,01/11/21,Pfizer,02/01/21,Pfizer,10/01/21,,,,,,,,12/14/22,12/14/22,
09/03/25,7027311,Kristin Watkins,,NEG,,A0201,09/16/84,42,F,,03/03/26,06/01/26,03/25/26,Whole Pack,04/29/26,12,,NS,28.78556213,65,173,A+,,,,,,,,,,,,,,,,,,,,,
10/28/22,3494201,James Olson,deferred BMI,POS,,,11/17/81,44,M,,02/12/26,05/13/26,03/25/26,Whole Pack,04/29/26,22,,NS unemployed 11/17 book any day,44.61897959,70,311,B+,,,,,,,,,,,,,,,,,,,,,
01/03/23,3773008,Samuel Cady,,,,A0201 Homo,11/26/87,38,M,,03/12/26,06/10/26,03/26/26,Whole Pack,04/30/26,19,,can do mobilized did 1 already afternoons first choice April 15 starts work,40.41165123,72,298,A+,,,TRUE,Referral,,Moderna,09/20/21,,,,,,,,,,,12/29/22,,,
07/19/23,4299257,John Wescott,,NEG,,,04/30/87,39,M,,09/17/26,12/16/26,03/31/26,Whole Pack,05/05/26,18,01/27/26,NS Tues best days,32.56755102,70,227,O-,TRUE,,,,,Moderna,01/27/21,Moderna,02/25/21,,,,,,,,,,,,
,7869952,Cassidy Silva,10/7 LP,POS,POS,,01/10/94,32,F,Caucasian,09/10/26,12/09/26,04/01/26,Whole Pack,05/06/26,12,03/19/26,NS referred by McKenzie Dauphin pay her Teacher,32.0949707,64,187,O+,,,,,,,,,,,,,,,,,,,,,
06/14/23,4195232,Colleen Silveira,10/13 LP,NEG,POS,,11/08/72,53,F,,09/10/26,12/09/26,04/01/26,Half Pack,05/06/26,10,,NS 1/2s only Wednesdays are best 1/2 only afternoons 4/1 had to stop early 2/4 cancelled sick Failed donation 1/28 No Mondays or Thursdays,32.04179794,69,217,O+,,,TRUE,,,,,,,,,,,,,,,,,,
01/22/24,4737646,Owen Nientimp,10/6 LP,NEG,NEG,A0201,04/10/98,28,M,Caucasian,09/23/26,12/22/26,04/01/26,Whole Pack,05/06/26,18,01/14/26,"NS, Firemen in Fall River, Ma",26.85069444,72,198,A+,,TRUE,,,01/01/22,Moderna,01/08/21,Moderna,02/05/21,Pfizer,12/15/21,,,,,,,01/17/24,,,
,5819122,Jennifer Cordy,10/7 LP,POS,,,03/30/79,47,F,,08/27/26,11/25/26,04/06/26,Whole Pack,05/11/26,13,02/04/26,NS Biolife 8/25 - Eligible 9/8. NS Works for Catholic Charities Lives in Lynn,24.06826297,69,163,O+,,,,,,,,,,,,,,,,,,,,,
10/31/24,5747069,Brittney Holleran,8/24 vein fail,NEG,,A1101,06/02/91,35,F,,07/29/26,10/27/26,04/07/26,Whole Pack,05/12/26,14,,"8/24 vein fail - no product collected, NS only later appointments",36.63475666,66,227,O-,,,,,,,,,,,,,,,,,,,,,
,7706626,Jefferson Deandrade,,POS,,,07/04/95,31,M,,01/28/26,04/28/26,04/13/26,Whole Pack,05/18/26,26,,smokes Lives in CT,23.99573333,75,192,A-,,,,,,,,,,,,,,,,,,,,,
,7935594,Jen Goulart,DO NOT BOOK TILL AFTER 9/23,NEG,,,04/22/85,41,F,Caucasian,09/10/26,12/09/26,04/13/26,Whole Pack,05/18/26,18,04/01/26,DO NOT BOOK TILL AFTER 9/23 ON MEDS NS bartender,34.36888889,60,176,O+,,,,,,,,,,,,,,,,,,,,,
04/01/25,6335416,Francesca Trombino,,NEG,NEG,,07/11/97,29,F,,01/15/26,04/15/26,04/14/26,Whole Pack,05/19/26,12,,no showed rescreen 7/2,28.3190918,64,165,AB+,,,,,01/01/22,Pfizer,02/01/21,Pfizer,03/11/21,Pfizer,10/07/21,,,,,,,,,,
12/22/25,7557403,Connor Bailey,,NEG,,,06/20/05,21,M,,04/07/26,07/06/26,04/15/26,Whole Pack,05/20/26,16,,mono 6/8 cancelled 4/8 pd for McKenzie Dauphin 2/2 paid Sam $25 referred by Samantha Cardin,26.2831338,69,178,A-,,,,,,,,,,,,,,,,,,,,,
09/17/25,7169829,Gabriel Jesus,9/29 LP,POS,POS,,12/26/04,21,F,,09/10/26,12/09/26,04/15/26,Whole Pack,05/20/26,14,02/03/26,Smoke Mass Maritime Transgender,26.95526627,65,162,O+,,,,,,,,,,,,,,,,,,,,,
02/06/23,3832941,Sena Kwasnik,requested S09872 rescreen 10/1,POS,POS,,04/12/89,37,F,,04/08/26,07/07/26,04/16/26,Whole Pack,05/21/26,14,,NS,23.80396525,67,152,A+,,,TRUE,SK,04/15/21,Pfizer,04/20/21,Pfizer,05/01/21,Pfizer,03/12/22,,,,,,,02/01/23,,,
10/08/25,7274685,Trevor Perry,,NEG,,A0201 Homo,07/20/92,34,M,,04/02/26,07/01/26,04/21/26,Whole Pack,05/26/26,17,,away for military right now 6/26Owen Niemtimp recommended him paid him firefighter,24.00289352,72,177,A-,,,,,,,,,,,,,,,,,,,,,
12/07/23,4621730,Harry Sprague,,NEG,,,05/20/91,35,M,,02/04/26,05/05/26,04/23/26,Whole Pack,05/28/26,12,TBD,NS 7/14 rescreen no show,31.59882378,69,214,A+,,,TRUE,,12/00/2020,,,,,,,,,,,,,12/04/23,,,
03/10/25,6263953,Jason Rivera,,NEG,,A0201 & Homo,10/22/95,30,M,,02/03/26,05/04/26,04/27/26,Whole Pack,06/01/26,15,02/03/26,"NS Truck driver-Gordon Foods, lives in Attleboro",31.06756757,74,242,A+,,,,,,Pfizer,04/01/21,,,,,,,,,,,,,,
11/15/23,4560433,William Wotawa,,NEG,,,10/27/85,40,M,,02/03/26,05/04/26,04/30/26,Whole Pack,06/04/26,10,,,28.4946519,73,216,A+,,,TRUE,,08/00/2023,Other,10/01/24,,,,,,,,,,,,,,09/11/23
04/10/25,6479859,Erich Meslin,,POS,,,04/01/02,24,M,,03/24/26,06/22/26,05/05/26,Half Pack,06/09/26,8.8,,"DEFERRED 7/16 failed screen BMI too high, NS only wants to do 1/2 packs Tues Wed Thurs 6:30 appts",40.40789474,76,332,O+,,,,,12/01/23,Johnson & Johnson,07/01/21,,,,,,,,,,,,,,
,7781141,Joelle Pecci,,POS,,,07/14/86,40,F,,02/19/26,05/20/26,05/06/26,Whole Pack,06/10/26,16,02/19/26,,24.53076217,66,152,O+,,,,,,,,,,,,,,,,,,,,,
,7781275,Lakeisha Young,,POS,,,02/07/86,40,F,,02/19/26,05/20/26,05/12/26,Whole Pack,06/16/26,13,02/19/26,,29.28473373,65,176,O+,,,,,,,,,,,,,,,,,,,,,
05/28/24,5045475,Jenna Silva,7/21/26 can come back,NEG,,A0201 & A1101,03/11/84,42,F,,03/10/26,06/08/26,05/12/26,Whole Pack,06/16/26,9.2,03/10/26,ONE more chance 10 week deferral!!! 7/21/26 can return NS any day No Covid vax or +Covid,30.44946746,65,183,O+,,,TRUE,,,,,,,,,,,,,,,,,,
11/13/25,7172218,Ruth Way,,POS,POS,,01/19/90,36,F,,03/23/26,06/21/26,05/12/26,Whole Pack,06/16/26,13,,,32.26660156,64,188,A+,,,,,,,,,,,,,,,,,,,,,
03/27/24,4942817,Sarah Regan,10/29 LP,NEG,,A0201,12/28/90,35,F,,08/19/26,11/17/26,05/26/26,Whole Pack,06/30/26,13.5,,Cancelled donation for 9/8. NS can't do Tues afternoons,25.99762111,68,171,B+,,,TRUE,,05/00/2022,Pfizer,04/07/21,Pfizer,05/01/21,Pfizer,11/06/21,Pfizer,10/02/22,Pfizer,10/01/23,Moderna,09/20/24,,,,
01/16/24,4711280,Emily Walsh,,NEG,POS,A0201,01/31/95,31,F,,04/13/26,07/12/26,05/27/26,Whole Pack,07/01/26,0.9,02/02/26,NS,30.28798186,63,171,O+,,,TRUE,,,Pfizer,12/18/20,Pfizer,01/08/21,Pfizer,11/10/21,Moderna,03/24/25,,,,,,,,
01/08/24,4706207,Michael Eaton,,NEG,,,08/23/84,42,M,,08/18/26,11/16/26,05/27/26,Whole Pack,07/01/26,20,,NS,31.03618421,76,255,O+,,,,,,Pfizer,09/12/21,Pfizer,10/03/21,,,,,,,,,,,,
03/04/25,6187710,Ben Burgess,10/14  rescreen S09889 book him,NEG,,,12/07/99,26,M,,03/09/26,06/07/26,06/01/26,Whole Pack,07/06/26,15,,"NS Lives in Norton, MA. available on Mondays",30.68042055,71,220,A+,,,,,01/01/23,Moderna,06/01/22,,,,,,,,,,,,,,
04/10/25,6347701,Joshua Good,9/28 LP,POS,POS,,04/18/87,39,M,,09/10/26,12/09/26,06/01/26,Whole Pack,07/06/26,20,03/18/26,Smoke interested in mobilized,23.03465658,69,156,O+,,,,,,,,,,,,,,,,,,,,,
02/20/25,6100112,Guilherme Siqueira,9/29 rescreen,NEG,,,01/23/02,24,M,,03/09/26,06/07/26,06/02/26,Whole Pack,07/07/26,19,,prefers Monday am,26.93606594,67,172,B+,,,,,09/10/23,Moderna,04/30/21,Moderna,05/28/21,Pfizer,01/08/22,,,,,,,,,,
03/18/26,7851122,Noah Luccini,,POS,,,03/06/98,28,M,,03/16/26,06/14/26,06/04/26,Whole Pack,07/09/26,19,,NS,29.1560571,72,215,A-,,,,,,,,,,,,,,,,,,,,,
04/20/26,7996517,Courtney Cummings,9/28 rescreen,NEG,,,07/22/84,42,F,,04/15/26,07/14/26,06/08/26,Whole Pack,07/13/26,12,,NS,27.78721893,65,167,B+,,,,,,,,,,,,,,,,,,,,,
11/05/25,7360536,Michael Dumican,,NEG,,,01/26/83,43,M,,05/07/26,08/05/26,06/10/26,Whole Pack,07/15/26,15,,"NS, Firefighter in Franklin, MA",31.46141975,72,232,B-,,,,,,,,,,,,,,,,,,,,,
04/20/26,7996516,David Charboneau,9/29 rescreen,NEG,,A0201,09/13/83,43,M,,04/15/26,07/14/26,06/11/26,Whole Pack,07/16/26,21,,Wed Thursdays days off works as cook outer Cape,35.9936,75,288,O+,,,,,,,,,,,,,,,,,,,,,
04/23/26,8011629,Marquis Downing,,POS,POS,,02/13/99,27,M,,08/26/26,11/24/26,09/24/26,Whole Pack,10/29/26,15,04/20/26,Smoke only available for 6:15 donations works evenings,32.49335449,71,233,O+,,,,,,,,,,,,,,,,,,,,,
,7869949,McKenzie Dauphin,,POS,,,09/22/96,30,F,,09/10/26,12/09/26,06/16/26,Whole Pack,07/21/26,15,,"NS, referred by Connor Bailey Fire Dept New Bedford",31.17359536,63,176,B+,,,,,,,,,,,,,,,,,,,,,
02/25/25,6194334,Larissa Weiner,10/6 LP,NEG,,,02/21/89,37,F,,09/24/26,12/23/26,06/17/26,Whole Pack,07/22/26,16,03/02/26,"NS Lives in Norton, MA",36.51694444,60,187,A+,,,,,09/00/2022,Pfizer,01/19/21,Pfizer,02/09/21,Pfizer,10/05/21,,,,,,,,,,
10/02/24,5643923,Nicholas Deluca,has to wait until 9/2,NEG,,,12/31/87,38,M,,06/11/26,09/09/26,06/17/26,Whole Pack,07/22/26,18,,"Failed donation 7/29 NS, full packs",34.69964293,69,235,A-,,,TRUE,,"11/00/2021, 09/00/2022",Moderna,01/31/21,Moderna,02/28/21,Moderna,11/04/21,,,,,,,,,,
,7975859,Connor McLernon,10/5 LP,NEG,POS,,02/03/96,30,M,Mixed,09/17/26,12/16/26,06/22/26,Whole Pack,07/27/26,21,,NS,25.16216216,74,196,O+,,,,,,,,,,,,,,,,,,,,,
,5975795,Raymond Dixon,,NEG,,A0201,05/05/72,54,M,,03/30/26,06/28/26,06/23/26,Whole Pack,07/28/26,36,,Smokes,33.14142857,70,231,AB-,,,,,,,,,,,,,,,,,,,,,
02/10/25,6096079,Alexander Ferreira,,NEG,NEG,,11/17/03,22,M,,04/14/26,07/13/26,06/24/26,Whole Pack,07/29/26,20,01/15/26,NS,20.54054054,74,160,A+,,,,,,Pfizer,02/01/24,Pfizer,03/01/22,,,,,,,,,,,,
04/23/26,8011595,Olivia Gibbs,10/7 rescreen,NEG,,A0201,09/09/98,28,F,,04/20/26,07/19/26,06/24/26,Half Pack,07/29/26,11,,NS,25.69355536,68,169,B+,,,,,,,,,,,,,,,,,,,,,
04/15/26,7993118,Joshua Rivera,10/6 LP,NEG,,,04/10/89,37,M,Hispanic,09/21/26,12/20/26,06/24/26,Whole Pack,07/29/26,19,04/14/26,NS,27.39313272,72,202,O+,,,,,,,,,,,,,,,,,,,,,
04/29/26,8021308,Amy Forster,,NEG,,A0201,11/16/81,44,F,,04/23/26,07/22/26,06/25/26,Whole Pack,07/30/26,11,04/23/26,"NS, lives in Mansfield",30.03950551,61,159,O+,,,,,,,,,,,,,,,,,,,,,
04/20/26,7999875,Adam Oliveira,could book for 2 fulls high count,NEG,,,05/07/88,38,M,,08/26/26,11/24/26,09/22/26,Whole Pack,10/27/26,25,04/26/29,"smoke, lives in Seekonk",34.03800154,72,251,O+,,,,,,,,,,,,,,,,,,,,,
,7971811,Ian Connell,,POS,,,12/03/92,33,M,,04/06/26,07/05/26,06/30/26,Whole Pack,08/04/26,22,04/06/26,,32.45224245,73,246,A+,,,,,,,,,,,,,,,,,,,,,
07/30/24,5163066,Brittney Valderrama,defer weight,NEG,,,07/23/93,33,F,,04/14/26,07/13/26,06/30/26,Whole Pack,08/04/26,12,02/10/26,"9/14/26 defer weight NS Phelb at NWH works overnight so any day good Lives in Stoughton, MA",20.37681159,69,138,O+,,TRUE,,,12/00/2021,Pfizer,08/20/21,Pfizer,09/10/21,Pfizer,03/31/22,,,,,,,,,,
05/15/23,3993128,Morgan Gayton,,NEG,NEG,A1101,08/17/02,24,F,,09/22/26,12/21/26,07/01/26,Half Pack,08/05/26,8,04/16/26,NS,29.61751479,65,178,O+,,,TRUE,,,Pfizer,04/02/21,Pfizer,04/25/21,Pfizer,12/08/21,Pfizer,10/25/22,,,,,,,,
09/16/24,5482106,Justin Bouley,9/30 rescreen,NEG,NEG,,05/18/77,49,M,,05/06/26,08/04/26,07/06/26,Whole Pack,08/10/26,16,,NS works remote,30.12259472,71,216,A+,,,TRUE,,05/00/2022,Moderna,03/27/21,Moderna,04/24/21,,,,,,,,,,,,
04/29/26,8021416,Laura Shaw,10/1 rescreen,NEG,,,06/26/80,46,F,,04/23/26,07/22/26,07/08/26,Whole Pack,08/12/26,15,,Smoke Nursing school BDD,34.01612903,62,186,O+,,,,,,,,,,,,,,,,,,,,,
05/08/25,6333062,Ryan Henderson,,,NEG,,10/20/84,41,M,,05/06/26,08/04/26,07/08/26,Whole Pack,08/12/26,17,,"new 1 month old baby, lives in Hopedale, MA",31.76644737,76,261,A+,,,,,,,,,,,,,,,,,,,,,
04/07/25,6327928,Timothy McKean,9/29 rescreen,POS,,A0201,07/13/82,44,M,,05/12/26,08/10/26,07/08/26,Whole Pack,08/12/26,14,,NS,31.94742704,67,204,A+,,,,,,,,,,,,,,,,,,,,,
05/13/26,8052031,Tyler Bannon,,NEG,,,03/13/04,22,M,,05/06/26,08/04/26,07/09/26,Whole Pack,08/13/26,18,,NS Lives in N Attleboro Stonehill Sr Football Player,23.87075556,75,191,O+,,,,,,,,,,,,,,,,,,,,,
08/05/24,4993269,Taylor Sarafian,,NEG,POS,,02/28/96,30,F,,08/27/26,11/25/26,07/09/26,Half Pack,08/13/26,9.6,05/06/26,"NS EMT School, Lives in Bridgewater, MA, Thursdays best day for donor",24.53076217,66,152,O+,,,TRUE,,,,,,,,,,,,,,,,,,
05/12/26,8054371,Jack O'Connell,,POS,,,01/07/04,22,M,,05/07/26,08/05/26,07/14/26,Whole Pack,08/18/26,21.5,,"smoke, Stonehill College student staying for 5th year from North Andover",23.24586667,75,186,A+,,,,,,,,,,,,,,,,,,,,,
01/10/24,4711329,Samantha Cardin,on medication 8/26 will reach out to us,NEG,NEG,A0201,03/02/95,31,F,,06/11/26,09/09/26,07/15/26,Whole Pack,08/19/26,14,,NS did ok 2/26 difficult stick - has failed LPs in past,26.51795005,62,145,AB-,,,TRUE,,,,,,,,,,,,,,,,,,
05/26/26,8171917,Caroline Klemm,,NEG,,,08/22/02,24,F,,05/26/26,08/24/26,07/28/26,Whole Pack,09/01/26,12,,"NS, lives in Needham, aesthetician facials",23.09857143,70,161,A-,,,,,,,,,,,,,,,,,,,,,
05/20/26,8073121,Sebastian Tanis,,POS,,,11/21/02,23,M,,05/12/26,08/10/26,07/29/26,Whole Pack,09/02/26,17,06/12/26,NS,30.51215278,72,225,O+,,,,,,,,,,,,,,,,,,,,,
05/30/24,5032526,Michael Friedman,9/30 LP,NEG,,,05/15/90,36,M,,07/08/26,10/06/26,07/29/26,Whole Pack,09/02/26,17,03/30/26,NS wed best if far ahead can do,25.8244898,70,180,A-,,,TRUE,,"02/00/2024, 08/00/20222",Moderna,12/29/20,Moderna,01/26/21,Moderna,11/30/21,Pfizer,09/22/22,Moderna,10/23/23,,,05/29/24,,,
07/15/26,3744216,Eric Van Riper,,NEG,,,05/09/83,43,M,,07/15/26,10/13/26,07/29/26,Whole Pack,09/02/26,22,07/29/26,Smokes,30.41755934,69,206,AB+,,,,,,,,,,,,,,,,,,,,,
10/18/22,3481220,Michael Kerr,9/30 LP,NEG,,A0201,09/05/79,47,M,,09/10/26,12/09/26,07/30/26,Whole Pack,09/03/26,11,09/30/26,NS,25.68102041,70,179,O+,,,TRUE,Referral,04/23/20,Moderna,02/07/22,Moderna,03/06/22,,,,,,,,,01/11/23,,,
01/23/24,4198342,Shannan Fruci-Martins,DON'T BOOK WB,POS,POS,,11/28/82,43,F,,08/27/26,11/25/26,09/28/26,Half Pack,11/02/26,7.3,06/04/26,"NS, 4 hr any day, afternoons DO NOT BOOK WB FOR HER",27.4609375,64,160,O+,,,TRUE,,,,,,,,,,,,,,,,,,
11/21/23,4593385,Chanelle Melton,10/8 rescreen,POS,,,08/11/95,31,F,,07/01/26,09/29/26,08/04/26,Whole Pack,09/08/26,16,01/29/26,smokes afternoon or Thursday mornings or afternoon pd for Jack Lasbury Casey,24.82324936,71,178,B+,,,TRUE,,03/00/2023,Pfizer,02/02/21,Pfizer,02/23/21,Pfizer,12/09/21,,,,,,,11/20/23,,,
03/07/24,4917890,Scott Mello,10/21 LP,NEG,,A1101,06/26/77,49,M,,07/28/26,10/26/26,08/04/26,Whole Pack,09/08/26,14,,NS works as a truck driver for Coke Cola. Available most Tuesdays,29.53374656,66,183,B+,,,TRUE,,,Pfizer,04/17/21,Pfizer,05/11/21,Pfizer,01/08/22,,,,,,,,,,
10/20/25,7305580,Michael Poissant,NO SHOWED 9/16 WILL BE DISQUALIFIED IF IT HAPPENS AGAIN,NEG,,A0201,05/15/73,53,M,,07/28/26,10/26/26,08/04/26,Whole Pack,09/08/26,18,03/03/26,4hr 11:30 appts only NO SHOWED 9/16/26 NS,24.20798898,66,150,A+,,,,,,,,,,,,,,,,,,,,,
09/16/25,7152306,Chantal Bichet,,NEG,,A0201,10/10/81,44,F,Caucasian,09/22/26,12/21/26,08/05/26,Whole Pack,09/09/26,31,06/03/26,"NS, consistent high count could be booked for 2 fulls in the future",38.46431661,68,253,A+,,,,,,,,,,,,,,,,,,09/15/25,,,
01/29/25,6053045,David Babcock,9/17 LP failed has to wait 8 weeks after 11/12,POS,,,10/14/84,41,M,,07/01/26,09/29/26,08/06/26,Whole Pack,09/10/26,11,02/26/26,Smokes 9/17 LP failed has to wait till after 11/12 Lives in Woburn interested in Mobilized donation,24.65889519,69,167,O+,,,,,07/01/21,Moderna,07/21/21,,,,,,,,,,,,,,
03/13/24,4926603,Donald Cox,10/5 rescreen,NEG,,,03/07/79,47,M,,05/27/26,08/25/26,08/10/26,Whole Pack,09/14/26,13,05/27/26,"NS, Lives in Stoughton, MA",38.73278237,66,240,B+,,,TRUE,,02/01/24,Pfizer,03/17/21,Pfizer,04/07/21,Pfizer,11/02/21,Pfizer,12/05/22,,,,,,,,
06/08/26,8201092,Gary Gaziano,10/6 rescreen,NEG,,,12/25/80,45,M,,06/08/26,09/06/26,08/10/26,Whole Pack,09/14/26,20,07/06/26,NS Mondays best date pd for Robert Golden referral 9/17/26,26.72610796,69,181,B+,,,,,,,,,,,,,,,,,,,,,
02/17/26,4714013,Jared Freeman,9/29 LP,NEG,,,07/14/84,42,M,Caucasian,07/30/26,10/28/26,08/11/26,Whole Pack,09/15/26,14,02/12/26,NS,26.62026667,75,213,A+,,,,,,,,,,,,,,,,,,,,,
03/24/25,6293988,Dennis Keefe,9/28 LP,NEG,POS,A0201,02/28/78,48,M,Caucasian,09/17/26,12/16/26,08/12/26,Whole Pack,09/16/26,16,,NS Mon Wed Thursdays are best,29.82692712,69,202,O+,,,,,03/01/21,Moderna,12/01/20,Moderna,01/01/21,,,,,,,,,,,,
06/18/26,8296326,Alanna Morreale,10/13 LP,NEG,,A0201,10/04/72,53,F,Caucasian,09/16/26,12/15/26,08/12/26,Half Pack,09/16/26,5.2,,NS would like 2 hr donations,31.40844727,64,183,O+,,,,,,,,,,,,,,,,,,,,,
02/03/25,6083398,John McGhee,Collection CBC screen fail on 09/21/2026. Must rescreen in 8 weeks on or after 11/16/2026 before any donation,POS,,A0201,12/06/82,43,M,African American,07/28/26,10/26/26,08/13/26,Whole Pack,09/17/26,14,01/12/26,"NS, Lives in Woonsocket, RI, ****Collection CBC screen fail on 09/21/2026. Must rescreen in 8 weeks on or after 11/16/2026 before any donation",32.953125,72,243,O+,,,,,,,,,,,,,,,,,,,,,
08/03/26,8448589,Christopher Williams,,NEG,,A0201,06/14/96,30,M,Caucasian,08/03/26,11/01/26,09/24/26,Half Pack,10/29/26,7.2,08/17/26,NS,24.24568889,75,194,O-,,,,,,,,,,,,,,,,,,,,,
07/21/25,6920908,Renae Chaves,10/1 LP,NEG,,,01/02/76,50,F,Hispanic,07/09/26,10/07/26,08/17/26,Whole Pack,09/21/26,16,,"NS Lives in Cranston, RI",31.40844727,64,183,O+,,,,,,,,,,,,,,,,,,,,,
04/16/26,7998136,Scott Sullivan,,NEG,,,07/01/90,36,M,Caucasian,08/03/26,11/01/26,09/23/26,Whole Pack,10/28/26,17,04/15/26,NS,30.56521739,69,207,O+,,,,,,,,,,,,,,,,,,,,,
09/11/23,4410660,Iliana Diaz Jemmott,10/1 LP,NEG,POS,A0201&A0202,06/27/91,35,F,Hispanic,09/16/26,12/15/26,08/18/26,Half Pack,09/22/26,6.2,06/01/26,no smoke half packs Tues Wed,24.20798898,66,150,O+,,,,,09/24/22,Moderna,04/07/21,Moderna,05/06/21,,,,,,,,,09/07/23,,,
08/12/26,7817816,Andreia Pereira,,POS,,,05/12/79,47,F,Mixed,08/11/26,11/09/26,09/23/26,Whole Pack,10/28/26,12,08/19/26,NS,25.52053164,71,183,O+,,,,,,,,,,,,,,,,,,,,,
05/06/25,6632095,Jalal Zahir,,POS,POS,,08/15/97,29,M,Asian,07/02/26,09/30/26,09/24/26,Whole Pack,10/29/26,16,07/16/26,NS,27.11571429,70,189,AB+,,,,,,,,,,,,,,,,,,,,,
07/30/26,8439254,Faith Brown,9/29 LP,NEG,,,08/19/03,23,F,Mixed,07/29/26,10/27/26,08/20/26,Whole Pack,09/24/26,13,08/20/26,NS,22.75550964,66,141,A+,,,,,,,,,,,,,,,,,,,,,
07/02/24,5090506,Michael McGowan,10/1 LP,NEG,,,05/18/98,28,M,Caucasian,07/14/26,10/12/26,08/20/26,Whole Pack,09/24/26,18,,NS full LKPs only any day,26.07835747,71,187,A+,,,,,12/01/23,Pfizer,03/01/21,,,,,,,,,,,,,,
08/04/26,3283626,Ross Tanner,10/14 LP,NEG,,,08/22/94,32,M,Caucasian,08/07/26,11/05/26,08/20/26,Whole Pack,09/24/26,14,,NS,25.49459877,72,188,O+,,,,,,,,,,,,,,,,,,,,,
10/20/22,3481409,Amanda Solecki,9/28 rescreen,NEG,NEG,A0201,04/16/84,42,F,White,06/01/26,08/30/26,08/24/26,Whole Pack,09/28/26,14,needs w9 - 06/01/2026,NS afternoon 1/2 Mon or Tues,31.11502959,65,187,O+,,,,Referral,06/30/22,Pfizer,04/27/21,Pfizer,05/18/21,Moderna,12/28/21,,,,,,,,,,
07/10/24,4878559,Edward Fanning,,POS,,,12/04/70,55,M,Caucasian,06/29/26,09/27/26,08/24/26,Whole Pack,09/28/26,5.2,08/22/26,NS 4/13/26 do 1/2s for now on Available Mondays,23.88521579,66,148,B+,,,TRUE,,01/00/20,,,,,,,,,,,,,,,,
08/22/26,8488910,Laryel Velez,10/5 LP,POS,,,12/18/03,22,M,Hispanic,08/19/26,11/17/26,08/24/26,Whole Pack,09/28/26,14,08/24/26,NS,24.02119377,68,158,A+,,,,,,,,,,,,,,,,,,,,,
09/19/24,5519646,Christopher Gordon,DQd no showed 9/30,NEG,,A0201 homo,06/14/02,24,M,Caucasian,08/13/26,11/11/26,08/24/26,Whole Pack,09/28/26,4,02/10/26,NS DQd no showed 9/30 8/24 VEIN FAILED DONATED 1/10,34.30922068,72,253,O+,,TRUE,,,,Moderna,04/01/21,Moderna,05/01/21,,,,,,,,,,,,
10/06/25,7273680,Alexander Taylor,,POS,,A0201,08/28/85,41,M,White,06/03/26,09/01/26,08/25/26,Whole Pack,09/29/26,10,06/03/26,"NS, donates power reds must wait 16 wks after last donation",25.08542388,68,165,O+,,,,,,,,,,,,,,,,,,,,,
10/21/24,5716565,William Conway,,NEG,,,11/26/01,24,M,Caucasian,07/01/26,09/29/26,08/25/26,Whole Pack,09/29/26,19,Needs w9 & Consent,NS Mobilized full packs prefers afternoons. Student at Stonehill College,28.21959858,77,238,O+,,TRUE,,,12/01/20,Pfizer,07/27/21,,,,,,,,,,,,,,
08/19/26,8484210,Edymara de Brito,9/30 LP,POS,POS,,12/01/94,31,F,African American,08/17/26,11/15/26,08/26/26,Half Pack,09/30/26,,08/26/26,"NS, was not able to get cell count on 8/26 CellDyne was down.",27.9073724,69,189,O+,,,,,,,,,,,,,,,,,,,,,
02/26/25,6035166,Thomas Shepley,10/6 LP,NEG,POS,,01/15/92,34,M,Caucasian,09/22/26,12/21/26,08/31/26,Whole Pack,10/05/26,20,01/20/26,NS,37.87162162,74,295,AB+,,,,,,Moderna,06/01/21,Moderna,12/01/22,,,,,,,,,,,,
02/22/24,4870147,Erik Hutchinson,10/5 LP,NEG,,,02/22/83,43,M,African American,08/25/26,11/23/26,08/31/26,Whole Pack,10/05/26,22,03/10/26,"NS, Tuesdays and Thursdays",37.30204082,70,260,O+,,,TRUE,,,,,,,,,,,,,,,,,,
02/03/25,6100073,John Repucci,10/15 LP,NEG,POS,,11/26/90,35,M,Caucasian,08/25/26,11/23/26,08/31/26,Whole Pack,10/05/26,13,03/03/26,"Lives in Chestnut Hill, MA, available all days",32.73045222,67,209,O+,,,,,,Johnson & Johnson,04/01/21,Johnson & Johnson,06/01/21,,,,,,,,,,,,
11/14/22,3518504,Miles Howard,10/7 LP,POS,,A0201 Homo,09/09/88,38,M,Caucasian,08/06/26,11/04/26,08/31/26,Whole Pack,10/05/26,17,02/17/26,NS,27.38486842,76,225,O+,,,,FOB,,Pfizer,03/05/21,Pfizer,03/26/21,Moderna,10/23/21,Moderna,09/19/22,,,,,03/07/23,,,
06/15/26,8294555,Timothy Briere,,NEG,,,01/03/80,46,M,Caucasian,06/15/26,09/13/26,09/01/26,Whole Pack,10/06/26,18,09/01/26,NS,24.26542353,71,174,O+,,,,,,,,,,,,,,,,,,,,,
,7817663,Jocelyn Velez,,POS,,,01/23/82,44,F,Hispanic,08/12/26,11/10/26,09/01/26,Whole Pack,10/06/26,20,03/04/26,NS school bus driver Brockton,29.86376953,64,174,O+,,,,,,,,,,,,,,,,,,,,,
02/25/25,6057386,Brandon Kingston,,NEG,,A1101,01/11/91,35,M,Caucasian,08/17/26,11/15/26,09/01/26,Whole Pack,10/06/26,19,02/03/26,"NS, Lives in Carver, MA Will have to take day off to donate, adequate notice please",30.2972973,74,236,A+,,,,,,,,,,,,,,,,,,,,,
09/03/26,7724424,Pericles Jorge,,POS,,,12/17/87,38,M,Unknown,07/02/26,09/30/26,09/02/26,Whole Pack,10/07/26,20,02/03/26,NS cancelled 7/15 went wrong way on train No Car takes train,22.74595556,75,182,A+,,,,,,,,,,,,,,,,,,,,,
01/08/26,7613745,Sean Barrett,,NEG,,,11/15/88,37,M,Caucasian,07/07/26,10/05/26,09/02/26,Whole Pack,10/07/26,11,01/21/26,NS,30.16891892,74,235,O-,,,,,,,,,,,,,,,,,,,,,
10/30/25,7356984,Natacha Maria-Cruz,10/13 LP,POS,POS,A0201,10/05/95,30,F,White,08/20/26,11/18/26,09/02/26,Whole Pack,10/07/26,11,03/11/26,NS lives in Chelsea,35.32948132,61,187,O+,,,,,,,,,,,,,,,,,,,,,
12/21/23,4654713,Emilie Caldwell,book for 10/12 if we can,NEG,NEG,,06/02/05,21,F,Caucasian,08/27/26,11/25/26,09/02/26,Whole Pack,10/07/26,14,05/13/26,"NS, going into PT Dr program",28.95195266,65,174,O+,,,TRUE,,,Pfizer,05/19/21,Pfizer,06/09/21,Pfizer,12/28/21,Pfizer,07/26/23,,,,,12/19/23,,,06/07/16
08/11/26,3435386,Frank Lomonaco,,NEG,,,10/05/76,49,M,Caucasian,08/04/26,11/02/26,09/03/26,Whole Pack,10/08/26,16,09/03/26,NS,33.46954969,71,240,B+,,,,,,,,,,,,,,,,,,,,,
08/27/26,8535181,Jordan Alvarado,10/13 LP,NEG,,,09/15/95,31,M,Hispanic,08/25/26,11/23/26,09/03/26,Whole Pack,10/08/26,13,09/03/26,NS,29.29166667,72,216,A+,,,,,,,,,,,,,,,,,,,,,
08/11/26,3871241,John Cleary,,NEG,,,08/12/72,54,M,Caucasian,08/05/26,11/03/26,09/08/26,Whole Pack,10/13/26,16,09/08/26,NS,31.06527239,77,262,A+,,,,,,,,,,,,,,,,,,,,,
12/11/25,7511992,Shawna Sampson,,NEG,,,06/24/84,42,F,Caucasian,08/25/26,11/23/26,09/08/26,Whole Pack,10/13/26,16,02/02/26,Ariel Mackie pay her if Shawna donates Smoker,29.22524565,63,165,O+,,,,,,,,,,,,,,,,,,,,,
04/16/26,7998066,Ryan Mahoney,,NEG,,,01/01/06,20,M,Caucasian,08/10/26,11/08/26,09/08/26,Whole Pack,10/13/26,17,04/15/26,NS,22.75550964,66,141,O+,,,,,,,,,,,,,,,,,,,,,
,7819396,Kaitlyn Watson,,NEG,,,04/27/04,22,F,Caucasian,07/06/26,10/04/26,09/09/26,Whole Pack,10/14/26,16,07/28/26,NS Stonehill college student,24.43038539,67,156,O+,,,,,,,,,,,,,,,,,,,,,
,7828686,Matthew Burrell,,POS,,,01/31/93,33,M,Mixed,07/28/26,10/26/26,09/09/26,Whole Pack,10/14/26,18,03/09/26,NS,32.27507716,72,238,O+,,,,,,,,,,,,,,,,,,,,,
02/20/25,6187522,Mark Mankus,10/27 LP,POS,,,11/26/94,31,M,Asian,08/31/26,11/29/26,09/09/26,Whole Pack,10/14/26,19,05/26/26,"NS  Lives in Mansfield, MA, available all days",32.61254438,65,196,O+,,,,,10/18/23,Pfizer,04/13/21,Pfizer,05/04/21,Pfizer,12/17/21,,,,,,,,,,
05/20/26,8075800,Jada Schaefer-Richards,10/14 LP,POS,,A0201,01/25/02,24,F,Caucasian,08/26/26,11/24/26,09/09/26,Whole Pack,10/14/26,17,05/12/26,NS,25.8244898,70,180,O+,,,,,,,,,,,,,,,,,,,,,
01/22/24,4733143,Anthony Silva,,NEG,,A0201 Homo,03/04/73,53,M,,08/27/26,11/25/26,09/09/26,Whole Pack,10/14/26,18,04/21/26,Smokes,33.71530612,70,235,A+,,,TRUE,,"12/00/2019, 07/00/2022",,,,,,,,,,,,,,,,
01/12/26,7617191,Gregory Lavoie,,,,A0201,02/26/77,49,M,,06/17/26,09/15/26,09/14/26,Whole Pack,10/19/26,12,,NS,29.69513315,66,184,O+,,,,,,,,,,,,,,,,,,,,,
07/02/26,8347372,Hilary Filkins,,POS,,,11/18/81,44,F,,06/30/26,09/28/26,09/14/26,Whole Pack,10/19/26,0.9,08/05/26,NS,26.90981834,68,177,O-,,,,,,,,,,,,,,,,,,,,,
08/05/26,8448508,Dakota Pires,,NEG,,,10/07/95,30,M,Mixed,08/03/26,11/01/26,09/14/26,Whole Pack,10/19/26,18,08/10/26,NS,27.79996142,72,205,O+,,,,,,,,,,,,,,,,,,,,,
08/24/26,8531619,Robert Golden,,NEG,,,05/16/83,43,M,Caucasian,08/24/26,11/22/26,09/14/26,Whole Pack,10/19/26,16,,NS Bobby Mondays are good for him,29.98510204,70,209,O+,,,,,,,,,,,,,,,,,,,,,
01/31/24,4762703,Michael Boss,,NEG,,A0201,05/25/80,46,M,,08/12/26,11/10/26,09/14/26,Whole Pack,10/19/26,11,02/11/26,NS paid for Brenton Dimock $25 10/1,32.13714286,70,224,O-,,TRUE,TRUE,,,,,,,,,,,,,,,,,,
04/23/26,8013466,Nicole Depiro,,POS,,A0201 & A1101,07/01/86,40,F,,08/26/26,11/24/26,09/14/26,Whole Pack,10/19/26,14,,NS,33.51837849,69,227,O-,,,,,,,,,,,,,,,,,,,,,
01/27/25,6083267,Stephen Pike,,NEG,,A1101,09/25/92,34,M,,07/02/26,09/30/26,09/15/26,Whole Pack,10/20/26,30,01/12/26,"NS, Lives in Plainville, MA, Available M,T,TH",30.51215278,72,225,B+,,,,,04/29/21,Moderna,05/27/21,Moderna,12/11/21,Moderna,10/13/23,Pfizer,,,,,,,,,
,7834564,Timothy Thompson,,NEG,,,12/02/80,45,M,,07/29/26,10/27/26,09/15/26,Whole Pack,10/20/26,16,03/10/26,NS,23.98651061,71,172,O+,,,,,,,,,,,,,,,,,,,,,
10/12/23,4398615,Lorraine Frawley,,NEG,,A0201 Homo,12/28/70,55,F,,08/19/26,11/17/26,09/15/26,Whole Pack,10/20/26,13,03/09/26,NS,29.52050781,64,172,A+,,,,,,,,,,,,,,,,,,,,,
12/11/25,7510371,Jordyn Hunter-Coleman,10/21 LP,POS,,A0201,08/19/02,24,F,African American,08/27/26,11/25/26,09/15/26,Whole Pack,10/20/26,16,06/26/26,"NS, student at UMass Dartmouth",37.06217181,69,251,B+,,,,,,,,,,,,,,,,,,,,,
07/27/26,8407029,Jack Lasbury-Casey,,NEG,,,05/13/04,22,M,,07/16/26,10/14/26,09/15/26,Whole Pack,10/20/26,18,08/06/26,NS,27.47297297,74,214,B-,,,,,,,,,,,,,,,,,,,,,
07/15/26,2591971,Garry Sampson,,NEG,,,07/10/98,28,M,,07/15/26,10/13/26,09/17/26,Whole Pack,10/22/26,26,03/16/26,NS,28.61991111,75,229,O+,,,,,,,,,,,,,,,,,,,,,
02/25/25,4651067,Ryan Bigos,,NEG,NEG,A0201,11/01/90,35,M,Caucasian,08/03/26,11/01/26,09/21/26,Whole Pack,10/26/26,15,,"NS changed everything but CT Lives Raynham, MA",24.93282042,73,189,O+,,,,,,,,,,,,,,,,,,,,,
04/13/26,7979324,Dakota Lambert,10/26 LP,NEG,,A0201 Homo,10/09/98,27,M,Caucasian,09/14/26,12/13/26,09/21/26,Whole Pack,10/26/26,20,04/08/26,Smoke,23.3855102,70,163,A+,,,,,,,,,,,,,,,,,,,,,
12/05/24,5908873,Richard Moss,,NEG,,,12/12/92,33,M,,09/01/26,11/30/26,09/21/26,Whole Pack,10/26/26,19,06/03/26,"NS, 3x OOR CBC/WBC run high. interested in mobilized",37.79269986,71,271,A+,,,,,,,,,,,,,,,,,,,,,
09/03/26,8302565,Donald McIntyre,,NEG,,,09/24/92,34,M,Caucasian,09/01/26,11/30/26,09/21/26,Half Pack,10/26/26,7.2,09/21/26,NS,29.98510204,70,209,O-,,,,,,,,,,,,,,,,,,,,,
03/04/25,6124515,Jonathan Hom,,NEG,,A0201,10/28/82,43,M,Caucasian,09/08/26,12/07/26,09/22/26,Whole Pack,10/27/26,16,01/29/26,"NS, donate in afternoon Lives in North Dartmouth, MA available all days, also plasma donor",27.61205629,69,187,O+,,,,,,,,,,,,,,,,,,,,,
08/07/23,4316593,Dylan Briggs,return 8 weeks 11/18/26!!! look at notes,NEG,,A0201,08/25/89,37,M,Caucasian,08/04/26,11/02/26,09/23/26,Whole Pack,10/28/26,11,01/12/26,NS Mobilized Candidate Return 8 weeks Count low 11/18/26,25.53755102,70,178,B+,,TRUE,,,09/00/2022,Pfizer,02/24/22,,,,,,,,,,,08/23/23,,,
09/03/26,8572048,Sherri Saquic-Tennant,,POS,,,04/09/79,47,F,Caucasian,09/01/26,11/30/26,09/23/26,Whole Pack,10/28/26,10,09/23/26,NS,28.33915614,61,150,A+,,,,,,,,,,,,,,,,,,,,,
08/12/26,2801069,Rachel Volin,,POS,,,01/13/86,40,F,White,08/10/26,11/08/26,09/24/26,Half Pack,10/29/26,7,08/17/26,NS only book 2 hr donations,22.39451994,67,143,A+,,,,,,,,,,,,,,,,,,,,,
07/10/25,6895317,Mercedes Barboza,OOR CBC needs rescreen b4 donation,,,,08/04/95,31,F,,07/08/25,10/06/25,,,,,,"Lives in Warwick, RI",33.61088757,65,202,,,,,,,,,,,,,,,,,,,07/08/25,,,
09/22/26,8647197,Juaquin Cruz,9/29 LP,POS,,,09/08/99,27,M,Hispanic,09/17/26,12/16/26,,,,,09/29/26,NS,21.74070069,68,143,A+,,,,,,,,,,,,,,,,,,,,,
09/22/26,8677239,Brandi Turini,10/6 LP,NEG,,,03/11/83,43,F,Caucasian,09/17/26,12/16/26,,,,,,NS,26.46625084,67,169,A+,,,,,,,,,,,,,,,,,,,,,
09/23/26,8657847,Dorothy Scanlan,10/14 LP,NEG,,,03/30/84,42,F,Caucasian,09/21/26,12/20/26,,,,,,"NS, 9/9/26 last plasma (Biolife) eligible on 9/23.referred by Jada Schaefer Richards",29.28473373,65,176,A+,,,,,,,,,,,,,,,,,,,,,
09/16/26,8624859,Bramlin Avellani,,POS,,,02/19/08,18,M,Caucasian,09/09/26,12/08/26,09/21/26,Whole Pack,10/26/26,18,09/21/26,NS,27.30737474,73,207,O+,,,,,,,,,,,,,,,,,,,,,
09/30/26,8663475,Lauri Smassanow,,POS,,,12/01/85,40,F,Caucasian,09/23/26,12/22/26,,,,,,NS,22.86433504,67,146,B-,,,,,,,,,,,,,,,,,,,,,
09/02/26,8569333,Taylor Donaldson,need consent,NEG,POS,,09/01/94,32,F,Caucasian,08/31/26,11/29/26,09/23/26,Whole Pack,10/28/26,21,,NS,26.93606594,67,172,O+,,,,,,,,,,,,,,,,,,,,,
08/05/26,3988283,Maxwell Kinney,10/12 rescreen Deferred 8 wks from 8/5,NEG,,,10/28/94,31,M,Caucasian,,,,,,,,NS deferred WBC 3.5 8 weeks from 8/5/2026,24.82020408,70,173,A+,,,,,,,,,,,,,,,,,,,,,
08/20/26,8484603,Misti Adhikari,DQd WBC fail,NEG,,,10/12/89,36,F,Caucasian,08/17/26,11/15/26,,,,,09/23/26,NS - DQd WBC fail 9/23 donor cancelled LP scheduled on 9/2,30.4155102,70,212,O+,,,,,,,,,,,,,,,,,,,,,
08/31/26,8537802,David Shade,10/8 LP,POS,,,08/15/83,43,M,Caucasian,08/26/26,11/24/26,,,,,,NS,30.40150764,71,218,A+,,,,,,,,,,,,,,,,,,,,,